Engine_Temperature,Runtime,Throttle,RPM,Maintenance_Status
35.01,309,59,128,1
38.63,344,86,149,1
32.41,233,100,192,2
31.39,196,83,138,2
39.92,228,100,166,2
48.87,252,96,190,2
35.87,316,81,140,1
31.18,172,100,156,2
39.42,283,81,159,2
48.04,427,58,172,1
32.21,498,82,121,1
43.24,416,96,143,1
39.75,480,80,183,1
35.9,114,74,133,2
39.18,154,74,131,2
49.31,154,80,191,2
43.21,267,56,183,2
44.23,420,90,167,1
40.44,447,71,129,1
48.9,419,95,185,1
33.1,409,69,138,1
32.71,448,84,167,1
42.0,222,64,189,2
47.8,410,51,174,1
37.18,404,88,135,1
47.26,262,92,165,2
45.65,310,91,176,1
30.54,106,89,122,2
45.64,144,88,185,2
38.76,307,87,191,1
43.52,372,62,174,1
41.82,185,66,192,2
30.09,149,67,197,2
38.68,378,51,192,1
37.65,141,61,122,2
49.95,242,82,123,2
36.16,469,67,169,1
30.72,121,66,138,2
36.18,335,92,108,1
43.15,154,100,103,2
30.78,341,90,167,1
42.0,398,87,187,1
33.36,284,71,142,2
32.15,248,55,182,2
38.37,428,98,148,1
34.0,368,66,143,1
36.75,128,56,144,2
47.34,458,91,104,1
49.74,321,95,163,1
32.46,137,67,174,2
43.14,249,63,196,2
43.33,346,60,166,1
37.42,417,64,128,1
42.4,235,56,188,2
37.75,465,92,132,1
36.12,366,80,137,1
31.03,256,61,173,2
43.35,473,72,159,1
44.88,498,67,116,1
37.86,158,83,102,2
33.89,261,92,100,2
47.52,443,90,173,1
48.03,485,79,112,1
40.42,473,83,100,1
48.44,192,95,129,2
42.15,213,55,153,2
49.07,360,58,179,1
47.86,277,93,138,2
31.37,173,98,113,2
36.63,450,83,112,1
46.4,342,83,139,1
37.97,120,74,104,2
30.67,265,99,113,2
47.14,128,92,152,2
42.51,464,75,151,1
44.8,463,88,198,1
31.24,466,95,178,1
41.35,141,88,180,2
38.3,221,84,200,2
30.16,219,80,183,2
40.13,323,57,151,1
34.85,454,58,185,1
31.85,472,63,113,1
43.84,207,90,135,2
44.68,198,70,141,2
37.83,471,61,147,1
31.24,359,86,191,1
30.34,268,92,110,2
45.91,230,99,162,2
31.83,132,98,185,2
45.8,150,50,122,2
35.16,199,52,163,2
40.95,124,74,192,2
38.11,109,84,197,2
30.52,287,99,154,2
48.41,221,57,159,2
47.56,296,97,151,2
45.42,414,91,132,1
45.46,311,84,182,1
49.85,284,76,107,2
38.75,477,98,195,1
46.35,116,53,156,2
35.13,349,65,118,1
35.71,352,55,135,1
42.57,397,67,140,1
40.2,413,53,192,1
33.75,104,52,138,2
49.92,386,90,166,1
41.18,414,68,158,1
32.49,169,53,147,2
42.06,476,58,179,1
41.91,249,61,172,2
46.65,287,50,147,2
45.63,296,99,111,2
34.88,376,75,162,1
37.12,290,52,173,2
30.36,451,88,107,1
39.96,280,63,149,2
46.4,257,85,155,2
32.87,304,55,191,1
41.27,406,98,110,1
39.36,457,90,196,1
32.56,346,78,126,1
36.61,404,52,105,1
41.03,342,79,194,1
45.89,120,71,185,2
36.46,409,92,157,1
36.07,472,80,152,1
37.34,283,99,145,2
32.47,133,84,176,2
32.73,278,74,188,2
35.99,287,85,151,2
37.98,201,70,169,2
38.78,212,70,174,2
45.69,433,77,150,1
43.61,307,100,198,1
32.09,465,77,168,1
34.11,488,57,107,1
30.61,257,74,151,2
30.49,287,96,167,2
37.76,240,74,162,2
39.1,437,84,124,1
48.81,256,52,200,2
38.99,351,73,153,1
37.64,113,69,130,2
35.25,452,53,131,1
47.01,125,62,111,2
46.08,224,56,148,2
31.57,215,88,138,2
39.31,131,61,104,2
30.01,290,70,178,2
46.29,437,85,142,1
42.92,302,91,103,1
41.52,337,52,110,1
43.82,409,79,154,1
34.63,277,61,103,0
44.86,350,67,116,1
40.73,475,58,190,1
42.58,499,94,135,1
43.13,444,88,169,1
34.64,366,98,116,1
36.59,190,78,186,2
45.41,153,60,196,2
35.67,127,90,155,2
48.62,171,58,105,2
33.55,424,86,147,1
49.03,257,84,190,2
38.35,255,57,166,2
42.42,431,56,174,1
36.49,207,90,125,2
31.55,457,76,186,1
38.11,361,66,146,1
45.85,372,99,175,1
47.84,346,66,110,1
44.22,126,64,169,2
37.48,495,73,156,1
34.89,419,59,119,1
44.32,484,79,126,1
45.35,170,64,191,2
38.72,320,95,139,1
35.05,464,80,153,1
45.71,491,76,121,1
43.73,232,53,144,2
31.0,247,72,105,0
45.73,222,80,129,2
41.48,246,100,144,2
44.03,323,67,197,1
36.99,495,90,107,1
35.56,470,90,146,1
42.23,348,88,105,1
46.34,133,86,120,2
48.11,216,90,147,2
36.83,289,74,115,0
38.32,152,93,200,2
33.38,157,59,110,0
47.53,238,60,117,2
30.24,464,67,194,1
30.72,371,61,168,1
34.22,396,52,178,1
33.41,157,76,180,2
35.51,470,84,190,1
47.38,399,73,144,1
47.99,106,50,171,2
35.93,494,53,107,1
33.69,157,63,184,2
37.35,339,55,160,1
49.43,492,97,121,1
47.39,256,88,145,2
44.11,179,68,166,2
37.64,207,92,199,2
38.59,186,73,115,2
38.4,418,75,165,1
44.19,483,76,134,1
48.9,192,74,182,2
32.52,309,50,111,1
34.29,324,53,103,1
45.25,368,98,148,1
34.88,184,96,144,2
37.1,135,95,181,2
44.96,323,58,182,1
47.95,257,98,130,2
42.81,491,77,162,1
34.46,166,90,198,2
47.56,221,97,175,2
30.06,227,53,193,2
46.7,232,71,185,2
33.16,143,70,186,2
47.87,316,82,200,1
37.61,238,100,143,2
33.18,446,61,154,1
36.53,291,73,150,2
38.38,130,58,122,2
43.62,309,55,189,1
37.47,142,91,170,2
47.79,143,78,154,2
46.85,210,72,123,2
43.45,288,55,174,2
43.18,490,84,140,1
34.21,304,58,177,1
31.08,363,53,148,1
49.65,368,88,176,1
31.04,196,100,132,2
45.96,108,53,125,2
43.35,436,65,197,1
42.84,453,70,141,1
43.01,373,56,183,1
41.35,438,94,174,1
47.84,488,81,179,1
30.94,250,77,191,2
33.73,300,81,135,1
45.9,414,51,183,1
43.33,338,98,199,1
47.8,136,62,193,2
46.31,453,91,183,1
49.53,406,68,174,1
49.26,144,57,131,2
43.62,121,76,120,2
38.05,361,50,114,1
33.05,379,76,184,1
35.66,247,62,167,2
48.07,374,53,105,1
43.74,210,91,161,2
48.94,212,71,161,2
42.08,210,90,117,2
38.15,318,68,138,1
36.1,109,71,147,2
30.07,460,66,178,1
48.62,326,73,184,1
37.9,340,87,142,1
42.93,408,86,110,1
43.56,218,67,170,2
41.76,429,81,123,1
47.31,225,98,137,2
42.5,128,72,143,2
34.97,267,56,106,0
31.61,185,97,171,2
47.92,371,78,156,1
31.68,334,51,189,1
39.4,396,80,161,1
45.03,454,77,109,1
30.4,347,99,164,1
36.68,158,60,167,2
48.54,289,82,149,2
45.15,212,69,191,2
42.22,358,96,195,1
30.64,221,100,105,2
46.01,233,54,127,2
48.69,116,87,129,2
47.13,203,91,188,2
35.01,178,61,101,0
43.53,360,70,143,1
32.38,378,64,146,1
31.72,499,63,107,1
37.73,338,79,152,1
47.87,401,70,194,1
39.09,472,72,192,1
47.4,375,92,184,1
47.2,167,55,147,2
33.91,248,79,134,2
47.7,238,86,122,2
36.07,210,53,190,2
46.16,310,73,171,1
31.21,268,93,178,2
32.65,243,100,165,2
40.85,292,66,141,2
41.51,399,55,170,1
33.28,152,80,117,2
43.97,472,65,155,1
32.96,413,90,133,1
33.65,386,80,185,1
30.0,122,70,167,2
49.21,219,69,168,2
36.2,248,95,118,2
38.0,410,74,198,1
34.17,393,74,191,1
39.69,106,83,121,2
35.32,412,85,196,1
48.03,269,72,107,2
42.58,141,96,137,2
44.23,153,95,161,2
37.76,436,86,124,1
32.85,214,88,102,2
40.69,357,56,182,1
33.6,106,75,109,0
37.9,110,83,185,2
38.64,112,59,102,2
38.77,250,95,150,2
40.21,461,97,188,1
47.91,264,68,169,2
49.11,237,85,167,2
43.8,426,96,146,1
32.58,488,94,101,1
34.41,213,56,114,0
40.04,158,85,194,2
43.95,394,89,144,1
44.38,376,99,106,1
37.62,150,62,137,2
46.89,333,93,120,1
48.87,382,69,156,1
43.36,401,51,142,1
40.86,424,74,195,1
33.19,159,90,131,2
31.54,156,60,189,2
48.06,316,50,151,1
49.85,251,63,136,2
38.6,156,66,146,2
31.57,201,87,103,2
31.9,182,67,159,2
45.51,173,76,194,2
37.32,123,71,174,2
31.63,339,91,142,1
34.74,496,99,169,1
34.94,178,99,173,2
30.26,247,81,108,2
35.01,455,88,104,1
31.83,108,95,156,2
34.38,411,60,174,1
31.62,420,67,157,1
30.45,385,64,162,1
39.86,294,75,114,2
34.29,169,75,166,2
36.48,242,76,105,0
46.66,397,51,151,1
47.46,258,71,153,2
44.09,318,57,191,1
43.53,214,82,176,2
45.63,327,53,187,1
36.1,374,54,152,1
47.92,423,95,186,1
48.69,234,56,122,2
32.8,421,79,139,1
32.75,382,81,169,1
31.68,226,62,148,2
33.27,492,62,198,1
43.23,443,50,135,1
37.45,478,53,144,1
40.25,179,87,187,2
38.84,485,62,148,1
40.67,364,53,112,1
39.64,461,96,121,1
38.83,316,75,136,1
46.22,233,74,104,2
33.82,138,86,199,2
33.89,426,69,181,1
47.01,199,99,192,2
47.33,256,94,122,2
37.95,424,99,171,1
48.96,346,86,130,1
38.12,161,66,148,2
34.85,485,73,162,1
48.52,130,85,136,2
38.8,121,84,161,2
47.6,499,91,195,1
39.99,433,70,121,1
36.3,390,50,144,1
42.79,209,87,138,2
48.59,138,75,147,2
33.64,351,91,153,1
38.63,273,64,135,2
33.02,105,70,145,2
42.06,476,81,193,1
31.0,302,98,169,1
38.35,462,62,174,1
33.17,302,96,193,1
44.76,363,69,170,1
47.32,171,69,198,2
35.19,233,92,154,2
35.26,106,81,107,2
38.72,469,82,183,1
44.26,415,72,154,1
45.55,237,90,151,2
30.88,371,78,149,1
47.21,438,68,117,1
32.8,417,56,194,1
30.8,110,62,107,0
34.45,378,61,199,1
47.75,491,95,157,1
41.17,176,51,180,2
38.92,276,57,176,2
35.97,280,87,125,2
48.93,146,91,159,2
36.89,351,61,177,1
45.78,469,80,117,1
33.89,255,89,186,2
38.27,231,53,167,2
38.39,369,54,169,1
32.64,499,54,147,1
49.53,421,61,156,1
37.92,470,99,146,1
35.79,498,95,130,1
39.36,266,80,104,2
48.65,310,97,115,1
34.5,395,84,180,1
49.93,359,57,135,1
48.69,191,100,169,2
48.03,459,98,137,1
41.11,226,51,186,2
44.87,370,58,152,1
47.23,278,69,114,2
48.03,329,89,157,1
37.63,191,52,125,2
36.09,177,80,200,2
48.44,195,50,153,2
49.75,481,61,147,1
32.12,316,72,191,1
43.68,184,64,137,2
37.84,445,68,111,1
47.12,407,93,168,1
44.5,188,93,166,2
36.94,387,79,173,1
39.8,103,70,166,2
47.69,465,86,161,1
46.01,117,92,126,2
40.81,437,73,107,1
39.94,108,50,174,2
31.05,199,66,158,2
30.19,477,60,190,1
45.22,339,92,144,1
45.98,172,69,124,2
48.91,161,63,149,2
30.38,118,79,199,2
30.92,412,76,157,1
31.24,356,94,115,1
30.91,115,52,133,2
34.08,145,89,156,2
33.68,314,78,140,1
32.08,171,98,169,2
31.41,466,78,131,1
38.6,164,75,147,2
40.6,211,85,196,2
47.02,118,54,194,2
38.25,218,53,198,2
47.7,316,55,121,1
42.32,451,93,126,1
38.59,148,94,110,2
43.46,288,61,102,2
35.99,171,56,154,2
40.29,305,57,126,1
38.01,347,56,167,1
30.26,498,81,193,1
47.41,490,61,111,1
44.3,271,78,104,2
38.72,236,95,177,2
46.14,357,77,139,1
41.01,415,96,162,1
39.66,294,89,197,2
38.19,239,76,145,2
46.42,277,100,180,2
47.67,429,76,101,1
42.69,221,64,129,2
43.82,344,60,122,1
30.07,195,50,122,2
39.65,190,64,133,2
34.66,326,88,136,1
36.38,156,71,154,2
40.55,101,81,154,2
47.48,247,52,133,2
48.49,233,89,120,2
33.22,297,100,112,2
45.36,366,75,152,1
32.2,422,54,157,1
33.78,430,65,159,1
36.47,209,68,140,2
44.08,431,60,194,1
38.86,442,93,121,1
39.34,244,52,173,2
36.78,131,94,162,2
39.84,472,98,169,1
40.62,422,84,132,1
49.92,299,77,115,2
32.27,433,79,123,1
30.34,150,60,121,2
42.72,304,74,107,1
39.04,454,71,172,1
49.86,325,70,146,1
35.79,140,90,128,2
39.32,103,76,194,2
42.91,450,52,108,1
38.27,163,81,149,2
37.2,326,89,182,1
38.16,392,88,148,1
49.7,495,88,125,1
35.16,464,58,116,1
32.11,198,81,136,2
35.29,365,78,143,1
34.28,340,86,182,1
39.62,271,63,117,2
32.86,404,54,161,1
47.81,362,92,117,1
44.34,273,65,113,2
33.42,121,63,103,0
37.0,226,86,151,2
44.36,129,79,158,2
45.7,227,80,154,2
30.39,443,64,195,1
41.43,194,68,146,2
34.99,187,85,143,2
38.33,186,53,163,2
32.97,349,59,179,1
37.37,451,89,113,1
43.13,333,90,170,1
37.1,213,62,127,2
42.12,423,84,127,1
33.77,198,79,114,0
39.26,466,51,188,1
45.77,139,99,189,2
37.63,421,63,127,1
45.32,439,69,175,1
46.37,468,79,166,1
42.88,445,64,131,1
33.21,253,50,176,2
37.46,228,57,184,2
30.21,149,89,104,2
44.18,437,58,181,1
34.76,469,73,188,1
34.25,173,98,111,2
34.92,403,71,124,1
32.85,283,71,194,2
43.98,498,93,118,1
33.6,127,56,194,2
32.54,459,80,109,1
41.87,214,86,141,2
45.11,470,55,150,1
42.75,433,80,167,1
38.81,301,67,171,1
35.74,340,89,123,1
46.06,367,91,113,1
35.79,470,57,135,1
47.91,381,83,198,1
36.6,358,55,180,1
41.54,491,50,162,1
49.84,279,100,182,2
48.78,297,73,102,2
46.54,318,81,118,1
46.28,348,80,106,1
36.5,455,94,123,1
44.37,219,59,163,2
40.61,265,88,177,2
45.33,284,57,120,2
40.51,360,64,177,1
46.61,286,59,126,2
48.52,278,51,138,2
37.2,458,53,132,1
48.76,141,99,173,2
48.43,484,71,131,1
33.1,193,56,198,2
37.95,349,84,180,1
35.0,316,76,197,1
45.26,250,83,102,2
48.04,405,62,166,1
44.63,402,87,120,1
39.33,271,88,146,2
31.62,169,74,125,2
30.41,260,71,172,2
37.82,401,97,116,1
39.68,441,50,150,1
42.28,335,52,138,1
36.67,327,93,148,1
33.07,437,84,195,1
40.31,258,85,169,2
44.84,252,66,189,2
32.44,457,50,111,1
31.48,120,99,180,2
30.53,360,78,172,1
45.09,150,86,133,2
35.32,156,67,162,2
45.39,440,58,116,1
41.68,427,90,140,1
42.22,318,58,106,1
36.09,129,99,177,2
34.26,272,50,181,2
30.49,446,53,184,1
30.55,316,71,158,1
38.09,481,63,120,1
48.62,110,54,159,2
49.49,481,75,155,1
38.88,113,58,112,2
40.62,266,51,149,2
31.57,342,79,192,1
31.01,389,50,148,1
48.99,229,62,154,2
42.16,264,65,172,2
40.57,349,84,142,1
40.7,130,71,189,2
39.94,404,64,187,1
47.02,423,99,177,1
49.15,361,97,144,1
34.91,496,76,158,1
49.86,449,80,125,1
42.0,210,93,185,2
34.17,497,58,162,1
33.86,195,96,166,2
35.26,169,83,192,2
40.65,403,92,139,1
44.05,360,71,124,1
38.26,101,90,179,2
42.82,418,71,110,1
48.97,280,53,159,2
41.31,133,65,159,2
39.17,155,74,146,2
35.93,408,84,110,1
31.47,369,62,118,1
36.01,342,92,154,1
32.23,249,77,115,0
46.31,427,54,184,1
45.24,495,80,182,1
47.3,173,64,182,2
43.66,114,52,178,2
34.09,407,81,191,1
39.74,474,88,147,1
44.61,278,50,131,2
44.45,360,100,167,1
46.33,330,52,186,1
40.47,425,59,116,1
37.09,340,97,140,1
49.84,485,91,135,1
30.36,177,74,196,2
37.31,242,93,134,2
45.8,456,64,125,1
30.75,224,72,160,2
48.1,305,72,123,1
48.06,146,83,139,2
40.16,235,73,167,2
38.67,215,72,175,2
34.47,238,97,198,2
42.62,478,96,163,1
38.28,396,72,172,1
47.31,105,62,120,2
30.95,246,95,186,2
42.95,145,80,146,2
30.03,447,74,127,1
33.11,116,93,146,2
30.56,140,83,121,2
39.06,298,55,149,2
49.67,269,70,141,2
46.59,221,72,166,2
31.96,489,76,110,1
42.28,489,98,102,1
30.17,489,94,119,1
49.77,378,55,141,1
36.07,199,87,174,2
39.96,388,56,133,1
43.93,185,97,109,2
31.3,207,80,129,2
43.64,394,52,128,1
48.48,161,83,197,2
34.23,370,62,178,1
31.94,432,83,105,1
36.2,286,74,120,2
41.99,322,98,163,1
45.65,211,70,138,2
30.55,385,77,135,1
38.82,291,98,170,2
45.22,348,55,172,1
48.43,212,87,115,2
44.12,320,100,172,1
35.66,453,62,111,1
35.46,199,91,100,2
42.7,267,76,198,2
42.9,267,85,175,2
31.82,177,80,189,2
36.4,204,68,182,2
48.17,338,60,125,1
31.43,323,62,171,1
36.47,295,72,175,2
33.42,450,59,199,1
33.77,322,60,189,1
41.55,423,71,146,1
42.09,186,59,164,2
39.17,316,60,172,1
35.79,264,64,156,2
43.65,395,85,107,1
44.05,475,82,186,1
44.57,497,92,100,1
48.03,394,87,161,1
33.33,195,58,188,2
47.73,115,60,187,2
40.66,104,61,117,2
45.66,476,81,187,1
43.23,280,90,186,2
37.12,487,82,197,1
43.08,289,78,134,2
40.2,407,86,180,1
31.6,448,84,155,1
30.94,131,64,178,2
41.76,418,72,124,1
40.94,336,74,146,1
34.43,439,74,160,1
47.79,229,77,178,2
39.04,326,65,171,1
48.66,284,78,100,2
45.22,365,83,186,1
36.44,124,51,150,2
32.22,356,55,195,1
35.36,276,83,115,2
46.84,479,75,174,1
40.91,286,94,137,2
30.66,179,75,173,2
44.12,350,73,103,1
37.66,406,73,144,1
49.01,259,71,199,2
45.49,141,87,133,2
38.33,414,85,144,1
34.05,338,75,155,1
31.59,253,63,156,2
32.77,482,95,158,1
46.09,404,81,166,1
30.19,296,87,170,2
46.73,315,84,126,1
36.37,467,67,118,1
36.38,125,68,162,2
36.4,457,99,188,1
45.28,134,77,115,2
32.53,416,76,195,1
35.44,132,100,113,2
40.82,484,73,136,1
30.26,498,86,163,1
36.3,401,98,113,1
37.07,449,54,128,1
30.91,331,72,108,1
46.83,260,95,182,2
30.38,348,63,116,1
37.99,485,51,152,1
47.2,289,51,122,2
30.24,146,65,188,2
36.88,148,63,140,2
45.59,292,60,126,2
45.06,158,76,171,2
34.25,203,76,147,2
48.85,319,62,104,1
34.63,395,59,111,1
34.26,449,82,189,1
37.29,365,83,117,1
44.96,162,58,125,2
40.77,475,98,110,1
48.74,385,97,182,1
33.34,481,66,168,1
34.1,108,86,178,2
37.2,432,65,120,1
30.45,355,95,183,1
38.54,409,64,186,1
39.88,174,100,131,2
40.99,330,50,161,1
41.32,263,55,122,2
46.6,113,51,198,2
38.21,361,66,195,1
43.62,434,98,140,1
36.19,347,78,165,1
36.72,223,61,102,0
35.83,317,77,199,1
47.14,396,59,180,1
30.09,326,72,127,1
46.67,382,84,200,1
41.19,209,100,154,2
39.2,195,98,176,2
37.54,377,86,155,1
46.7,116,66,114,2
47.28,256,54,155,2
35.42,382,77,123,1
34.6,496,89,157,1
46.1,168,89,200,2
40.27,428,71,191,1
34.67,242,81,154,2
48.16,347,59,151,1
31.55,166,83,105,2
39.91,469,73,157,1
37.0,443,54,151,1
44.57,366,87,197,1
34.33,152,91,185,2
41.98,399,93,153,1
47.61,246,95,131,2
31.96,427,83,115,1
45.09,256,63,133,2
31.36,456,91,109,1
35.87,444,67,195,1
33.16,236,59,173,2
49.11,448,56,114,1
40.11,176,69,133,2
36.73,124,75,162,2
33.85,351,58,172,1
49.03,126,85,151,2
46.47,136,88,153,2
33.26,467,63,135,1
37.87,235,70,156,2
46.97,492,86,171,1
48.57,197,65,150,2
37.66,244,99,107,2
42.52,323,93,160,1
44.43,324,58,150,1
42.38,402,94,113,1
30.12,157,86,185,2
45.66,212,84,130,2
37.34,138,96,184,2
41.87,444,92,140,1
45.15,184,88,105,2
44.33,196,66,171,2
32.86,147,70,136,2
47.72,124,74,121,2
40.39,286,96,190,2
39.36,279,84,120,2
49.07,233,61,123,2
46.01,126,58,189,2
46.6,481,55,182,1
45.49,204,97,103,2
37.74,344,77,139,1
46.59,315,97,164,1
39.66,467,58,179,1
41.42,323,73,162,1
38.02,446,91,106,1
40.43,470,58,136,1
42.47,407,75,181,1
40.74,357,93,183,1
48.11,358,94,191,1
39.03,335,94,152,1
32.22,153,52,137,2
40.67,428,57,181,1
35.87,170,79,120,2
34.63,292,88,182,2
35.23,283,58,172,2
34.83,240,81,170,2
31.42,356,77,174,1
43.88,422,57,168,1
44.77,395,92,144,1
49.63,347,99,152,1
46.12,484,78,175,1
34.41,175,57,169,2
30.34,158,85,138,2
37.03,446,87,185,1
33.11,221,96,171,2
37.79,454,63,136,1
47.56,143,81,195,2
32.45,455,83,130,1
37.25,338,64,174,1
48.67,171,80,131,2
35.06,455,91,174,1
37.57,412,77,181,1
44.78,261,62,168,2
42.2,113,82,130,2
47.59,171,62,119,2
45.46,186,92,102,2
46.65,102,95,107,2
49.66,363,75,115,1
45.48,366,56,158,1
35.83,288,56,172,2
40.0,497,75,157,1
37.84,445,55,128,1
47.61,418,61,135,1
41.97,356,69,136,1
45.56,148,93,198,2
35.51,425,64,168,1
47.06,196,53,134,2
35.88,135,65,158,2
42.33,447,74,153,1
44.54,453,68,123,1
48.82,125,78,108,2
44.8,405,88,145,1
46.61,289,73,114,2
42.62,496,57,127,1
38.68,466,72,145,1
31.59,129,100,154,2
44.93,395,60,125,1
42.03,284,73,167,2
33.69,264,91,172,2
40.68,277,85,149,2
33.37,148,80,108,2
30.51,100,85,108,2
41.79,421,56,119,1
46.51,146,99,123,2
36.1,126,62,156,2
45.16,254,53,159,2
31.08,482,54,119,1
44.96,389,94,141,1
35.04,231,89,164,2
30.16,190,81,196,2
31.24,269,72,180,2
32.38,222,85,185,2
38.09,178,78,197,2
44.32,381,89,141,1
36.41,123,63,164,2
37.06,340,53,182,1
30.55,106,90,137,2
49.19,158,100,183,2
42.49,277,56,171,2
38.08,333,53,181,1
38.33,177,51,109,2
46.78,463,100,162,1
31.63,235,78,127,2
31.47,184,50,165,2
46.87,151,78,123,2
31.6,129,63,168,2
32.15,499,63,199,1
40.97,389,76,136,1
48.95,157,86,163,2
49.29,379,77,146,1
40.39,475,69,137,1
42.85,323,91,114,1
32.24,245,83,102,2
38.35,128,55,196,2
34.02,162,64,168,2
30.9,420,55,167,1
42.72,134,62,168,2
46.44,372,68,108,1
48.0,422,67,104,1
48.96,389,81,146,1
46.22,293,84,197,2
33.4,150,52,190,2
47.1,494,94,170,1
43.1,268,62,159,2
38.96,228,83,103,2
36.85,265,59,152,2
39.14,493,69,150,1
37.1,134,91,133,2
45.64,123,51,194,2
41.02,343,99,168,1
43.56,225,99,198,2
45.09,191,100,119,2
43.72,351,65,196,1
39.44,269,81,184,2
42.04,480,71,134,1
32.65,107,53,194,2
36.37,220,58,157,2
41.43,299,57,170,2
42.24,312,100,155,1
40.25,292,87,128,2
38.07,134,75,185,2
34.33,169,71,162,2
41.11,422,67,146,1
40.98,301,60,183,1
36.01,327,100,102,1
31.3,457,55,111,1
41.89,171,80,127,2
49.99,129,71,185,2
44.32,258,98,116,2
39.28,129,88,104,2
36.76,479,50,182,1
39.71,103,77,137,2
46.51,306,80,171,1
43.23,478,99,179,1
34.63,109,54,103,0
31.57,141,68,115,0
30.52,230,92,101,2
45.93,144,59,177,2
44.7,180,79,107,2
42.31,402,94,121,1
30.12,476,50,126,1
45.89,232,90,132,2
38.58,192,88,130,2
43.69,403,60,125,1
39.4,163,85,190,2
45.34,399,53,183,1
48.43,294,71,168,2
33.92,102,71,164,2
41.74,474,89,189,1
45.3,329,63,188,1
33.35,245,52,168,2
34.96,296,83,115,2
34.69,144,82,118,2
43.27,476,60,117,1
30.42,499,82,109,1
39.92,231,85,163,2
